,CountryID,Year,GDP_Per_Capita,Income_Level
0,ABW,2021,30137,High Income
1,ABW,2022,30694,High Income
2,ABW,2023,31251,High Income
3,ABW,2024,31807,High Income
4,ABW,2025,32364,High Income
5,ABW,2026,32921,High Income
6,ABW,2027,33478,High Income
7,ABW,2028,34035,High Income
8,ABW,2029,34592,High Income
9,ABW,2030,35149,High Income
10,AFG,2021,536,Low Income
11,AFG,2022,531,Low Income
12,AFG,2023,526,Low Income
13,AFG,2024,521,Low Income
14,AFG,2025,516,Low Income
15,AFG,2026,511,Low Income
16,AFG,2027,506,Low Income
17,AFG,2028,501,Low Income
18,AFG,2029,496,Low Income
19,AFG,2030,491,Low Income
20,AGO,2021,3981,Low-Middle Income
21,AGO,2022,4095,Low-Middle Income
22,AGO,2023,4209,Upper-Middle Income
23,AGO,2024,4324,Upper-Middle Income
24,AGO,2025,4438,Upper-Middle Income
25,AGO,2026,4552,Upper-Middle Income
26,AGO,2027,4667,Upper-Middle Income
27,AGO,2028,4781,Upper-Middle Income
28,AGO,2029,4895,Upper-Middle Income
29,AGO,2030,5010,Upper-Middle Income
30,ALB,2021,5256,Upper-Middle Income
31,ALB,2022,5417,Upper-Middle Income
32,ALB,2023,5579,Upper-Middle Income
33,ALB,2024,5740,Upper-Middle Income
34,ALB,2025,5901,Upper-Middle Income
35,ALB,2026,6063,Upper-Middle Income
36,ALB,2027,6224,Upper-Middle Income
37,ALB,2028,6385,Upper-Middle Income
38,ALB,2029,6547,Upper-Middle Income
39,ALB,2030,6708,Upper-Middle Income
40,ARE,2021,44335,High Income
41,ARE,2022,44898,High Income
42,ARE,2023,45460,High Income
43,ARE,2024,46022,High Income
44,ARE,2025,46585,High Income
45,ARE,2026,47147,High Income
46,ARE,2027,47710,High Income
47,ARE,2028,48272,High Income
48,ARE,2029,48834,High Income
49,ARE,2030,49397,High Income
50,ARG,2021,11838,Upper-Middle Income
51,ARG,2022,12078,Upper-Middle Income
52,ARG,2023,12317,Upper-Middle Income
53,ARG,2024,12557,Upper-Middle Income
54,ARG,2025,12796,High Income
55,ARG,2026,13036,High Income
56,ARG,2027,13275,High Income
57,ARG,2028,13515,High Income
58,ARG,2029,13754,High Income
59,ARG,2030,13994,High Income
60,ARM,2021,4844,Upper-Middle Income
61,ARM,2022,5020,Upper-Middle Income
62,ARM,2023,5195,Upper-Middle Income
63,ARM,2024,5370,Upper-Middle Income
64,ARM,2025,5546,Upper-Middle Income
65,ARM,2026,5721,Upper-Middle Income
66,ARM,2027,5896,Upper-Middle Income
67,ARM,2028,6071,Upper-Middle Income
68,ARM,2029,6247,Upper-Middle Income
69,ARM,2030,6422,Upper-Middle Income
70,ATG,2021,15923,High Income
71,ATG,2022,16212,High Income
72,ATG,2023,16500,High Income
73,ATG,2024,16788,High Income
74,ATG,2025,17076,High Income
75,ATG,2026,17365,High Income
76,ATG,2027,17653,High Income
77,ATG,2028,17941,High Income
78,ATG,2029,18229,High Income
79,ATG,2030,18518,High Income
80,AUS,2021,58886,High Income
81,AUS,2022,60355,High Income
82,AUS,2023,61824,High Income
83,AUS,2024,63293,High Income
84,AUS,2025,64762,High Income
85,AUS,2026,66231,High Income
86,AUS,2027,67700,High Income
87,AUS,2028,69169,High Income
88,AUS,2029,70637,High Income
89,AUS,2030,72106,High Income
90,AUT,2021,62554,High Income
91,AUT,2022,64578,High Income
92,AUT,2023,66601,High Income
93,AUT,2024,68624,High Income
94,AUT,2025,70648,High Income
95,AUT,2026,72671,High Income
96,AUT,2027,74694,High Income
97,AUT,2028,76718,High Income
98,AUT,2029,78741,High Income
99,AUT,2030,80764,High Income
100,AZE,2021,6491,Upper-Middle Income
101,AZE,2022,6739,Upper-Middle Income
102,AZE,2023,6988,Upper-Middle Income
103,AZE,2024,7236,Upper-Middle Income
104,AZE,2025,7485,Upper-Middle Income
105,AZE,2026,7733,Upper-Middle Income
106,AZE,2027,7981,Upper-Middle Income
107,AZE,2028,8230,Upper-Middle Income
108,AZE,2029,8478,Upper-Middle Income
109,AZE,2030,8727,Upper-Middle Income
110,BDI,2021,233,Low Income
111,BDI,2022,235,Low Income
112,BDI,2023,237,Low Income
113,BDI,2024,238,Low Income
114,BDI,2025,240,Low Income
115,BDI,2026,242,Low Income
116,BDI,2027,244,Low Income
117,BDI,2028,245,Low Income
118,BDI,2029,247,Low Income
119,BDI,2030,249,Low Income
120,BEL,2021,59370,High Income
121,BEL,2022,61321,High Income
122,BEL,2023,63273,High Income
123,BEL,2024,65225,High Income
124,BEL,2025,67177,High Income
125,BEL,2026,69129,High Income
126,BEL,2027,71081,High Income
127,BEL,2028,73033,High Income
128,BEL,2029,74985,High Income
129,BEL,2030,76937,High Income
130,BEN,2021,1306,Low-Middle Income
131,BEN,2022,1338,Low-Middle Income
132,BEN,2023,1371,Low-Middle Income
133,BEN,2024,1404,Low-Middle Income
134,BEN,2025,1436,Low-Middle Income
135,BEN,2026,1469,Low-Middle Income
136,BEN,2027,1502,Low-Middle Income
137,BEN,2028,1535,Low-Middle Income
138,BEN,2029,1567,Low-Middle Income
139,BEN,2030,1600,Low-Middle Income
140,BFA,2021,746,Low Income
141,BFA,2022,762,Low Income
142,BFA,2023,778,Low Income
143,BFA,2024,794,Low Income
144,BFA,2025,809,Low Income
145,BFA,2026,825,Low Income
146,BFA,2027,841,Low Income
147,BFA,2028,857,Low Income
148,BFA,2029,873,Low Income
149,BFA,2030,888,Low Income
150,BGD,2021,1499,Low-Middle Income
151,BGD,2022,1543,Low-Middle Income
152,BGD,2023,1586,Low-Middle Income
153,BGD,2024,1629,Low-Middle Income
154,BGD,2025,1672,Low-Middle Income
155,BGD,2026,1716,Low-Middle Income
156,BGD,2027,1759,Low-Middle Income
157,BGD,2028,1802,Low-Middle Income
158,BGD,2029,1845,Low-Middle Income
159,BGD,2030,1889,Low-Middle Income
160,BGR,2021,8418,Upper-Middle Income
161,BGR,2022,8651,Upper-Middle Income
162,BGR,2023,8884,Upper-Middle Income
163,BGR,2024,9118,Upper-Middle Income
164,BGR,2025,9351,Upper-Middle Income
165,BGR,2026,9584,Upper-Middle Income
166,BGR,2027,9818,Upper-Middle Income
167,BGR,2028,10051,Upper-Middle Income
168,BGR,2029,10284,Upper-Middle Income
169,BGR,2030,10518,Upper-Middle Income
170,BHR,2021,24613,High Income
171,BHR,2022,25146,High Income
172,BHR,2023,25678,High Income
173,BHR,2024,26211,High Income
174,BHR,2025,26743,High Income
175,BHR,2026,27276,High Income
176,BHR,2027,27808,High Income
177,BHR,2028,28341,High Income
178,BHR,2029,28874,High Income
179,BHR,2030,29406,High Income
180,BHS,2021,35538,High Income
181,BHS,2022,36260,High Income
182,BHS,2023,36982,High Income
183,BHS,2024,37705,High Income
184,BHS,2025,38427,High Income
185,BHS,2026,39149,High Income
186,BHS,2027,39871,High Income
187,BHS,2028,40594,High Income
188,BHS,2029,41316,High Income
189,BHS,2030,42038,High Income
190,BIH,2021,6729,Upper-Middle Income
191,BIH,2022,6966,Upper-Middle Income
192,BIH,2023,7202,Upper-Middle Income
193,BIH,2024,7439,Upper-Middle Income
194,BIH,2025,7675,Upper-Middle Income
195,BIH,2026,7912,Upper-Middle Income
196,BIH,2027,8149,Upper-Middle Income
197,BIH,2028,8385,Upper-Middle Income
198,BIH,2029,8622,Upper-Middle Income
199,BIH,2030,8858,Upper-Middle Income
200,BLR,2021,7174,Upper-Middle Income
201,BLR,2022,7382,Upper-Middle Income
202,BLR,2023,7590,Upper-Middle Income
203,BLR,2024,7798,Upper-Middle Income
204,BLR,2025,8006,Upper-Middle Income
205,BLR,2026,8215,Upper-Middle Income
206,BLR,2027,8423,Upper-Middle Income
207,BLR,2028,8631,Upper-Middle Income
208,BLR,2029,8839,Upper-Middle Income
209,BLR,2030,9047,Upper-Middle Income
210,BLZ,2021,4738,Upper-Middle Income
211,BLZ,2022,4817,Upper-Middle Income
212,BLZ,2023,4895,Upper-Middle Income
213,BLZ,2024,4974,Upper-Middle Income
214,BLZ,2025,5053,Upper-Middle Income
215,BLZ,2026,5131,Upper-Middle Income
216,BLZ,2027,5210,Upper-Middle Income
217,BLZ,2028,5288,Upper-Middle Income
218,BLZ,2029,5367,Upper-Middle Income
219,BLZ,2030,5446,Upper-Middle Income
220,BMU,2021,117256,High Income
221,BMU,2022,119022,High Income
222,BMU,2023,120788,High Income
223,BMU,2024,122554,High Income
224,BMU,2025,124320,High Income
225,BMU,2026,126087,High Income
226,BMU,2027,127853,High Income
227,BMU,2028,129619,High Income
228,BMU,2029,131385,High Income
229,BMU,2030,133151,High Income
230,BOL,2021,2978,Low-Middle Income
231,BOL,2022,3059,Low-Middle Income
232,BOL,2023,3140,Low-Middle Income
233,BOL,2024,3221,Low-Middle Income
234,BOL,2025,3302,Low-Middle Income
235,BOL,2026,3383,Low-Middle Income
236,BOL,2027,3464,Low-Middle Income
237,BOL,2028,3545,Low-Middle Income
238,BOL,2029,3626,Low-Middle Income
239,BOL,2030,3707,Low-Middle Income
240,BRA,2021,10096,Upper-Middle Income
241,BRA,2022,10343,Upper-Middle Income
242,BRA,2023,10590,Upper-Middle Income
243,BRA,2024,10837,Upper-Middle Income
244,BRA,2025,11084,Upper-Middle Income
245,BRA,2026,11331,Upper-Middle Income
246,BRA,2027,11578,Upper-Middle Income
247,BRA,2028,11825,Upper-Middle Income
248,BRA,2029,12072,Upper-Middle Income
249,BRA,2030,12319,Upper-Middle Income
250,BRB,2021,17746,High Income
251,BRB,2022,18077,High Income
252,BRB,2023,18408,High Income
253,BRB,2024,18739,High Income
254,BRB,2025,19070,High Income
255,BRB,2026,19401,High Income
256,BRB,2027,19732,High Income
257,BRB,2028,20063,High Income
258,BRB,2029,20394,High Income
259,BRB,2030,20724,High Income
260,BRN,2021,40730,High Income
261,BRN,2022,41696,High Income
262,BRN,2023,42661,High Income
263,BRN,2024,43627,High Income
264,BRN,2025,44592,High Income
265,BRN,2026,45557,High Income
266,BRN,2027,46523,High Income
267,BRN,2028,47488,High Income
268,BRN,2029,48454,High Income
269,BRN,2030,49419,High Income
270,BTN,2021,2877,Low-Middle Income
271,BTN,2022,2962,Low-Middle Income
272,BTN,2023,3047,Low-Middle Income
273,BTN,2024,3131,Low-Middle Income
274,BTN,2025,3216,Low-Middle Income
275,BTN,2026,3301,Low-Middle Income
276,BTN,2027,3386,Low-Middle Income
277,BTN,2028,3471,Low-Middle Income
278,BTN,2029,3556,Low-Middle Income
279,BTN,2030,3640,Low-Middle Income
280,BWA,2021,7417,Upper-Middle Income
281,BWA,2022,7582,Upper-Middle Income
282,BWA,2023,7748,Upper-Middle Income
283,BWA,2024,7913,Upper-Middle Income
284,BWA,2025,8078,Upper-Middle Income
285,BWA,2026,8243,Upper-Middle Income
286,BWA,2027,8408,Upper-Middle Income
287,BWA,2028,8573,Upper-Middle Income
288,BWA,2029,8738,Upper-Middle Income
289,BWA,2030,8903,Upper-Middle Income
290,CAF,2021,428,Low Income
291,CAF,2022,429,Low Income
292,CAF,2023,431,Low Income
293,CAF,2024,432,Low Income
294,CAF,2025,433,Low Income
295,CAF,2026,434,Low Income
296,CAF,2027,436,Low Income
297,CAF,2028,437,Low Income
298,CAF,2029,438,Low Income
299,CAF,2030,439,Low Income
300,CAN,2021,51714,High Income
301,CAN,2022,52812,High Income
302,CAN,2023,53909,High Income
303,CAN,2024,55007,High Income
304,CAN,2025,56105,High Income
305,CAN,2026,57203,High Income
306,CAN,2027,58301,High Income
307,CAN,2028,59399,High Income
308,CAN,2029,60497,High Income
309,CAN,2030,61594,High Income
310,CHE,2021,100156,High Income
311,CHE,2022,102549,High Income
312,CHE,2023,104942,High Income
313,CHE,2024,107336,High Income
314,CHE,2025,109729,High Income
315,CHE,2026,112122,High Income
316,CHE,2027,114516,High Income
317,CHE,2028,116909,High Income
318,CHE,2029,119302,High Income
319,CHE,2030,121696,High Income
320,CHI,2021,116496,High Income
321,CHI,2022,120295,High Income
322,CHI,2023,124094,High Income
323,CHI,2024,127893,High Income
324,CHI,2025,131692,High Income
325,CHI,2026,135491,High Income
326,CHI,2027,139290,High Income
327,CHI,2028,143089,High Income
328,CHI,2029,146888,High Income
329,CHI,2030,150687,High Income
330,CHL,2021,14886,High Income
331,CHL,2022,15302,High Income
332,CHL,2023,15717,High Income
333,CHL,2024,16133,High Income
334,CHL,2025,16549,High Income
335,CHL,2026,16965,High Income
336,CHL,2027,17381,High Income
337,CHL,2028,17796,High Income
338,CHL,2029,18212,High Income
339,CHL,2030,18628,High Income
340,CHN,2021,8627,Upper-Middle Income
341,CHN,2022,8929,Upper-Middle Income
342,CHN,2023,9230,Upper-Middle Income
343,CHN,2024,9531,Upper-Middle Income
344,CHN,2025,9832,Upper-Middle Income
345,CHN,2026,10133,Upper-Middle Income
346,CHN,2027,10434,Upper-Middle Income
347,CHN,2028,10735,Upper-Middle Income
348,CHN,2029,11037,Upper-Middle Income
349,CHN,2030,11338,Upper-Middle Income
350,CMR,2021,1379,Low-Middle Income
351,CMR,2022,1396,Low-Middle Income
352,CMR,2023,1414,Low-Middle Income
353,CMR,2024,1432,Low-Middle Income
354,CMR,2025,1449,Low-Middle Income
355,CMR,2026,1467,Low-Middle Income
356,CMR,2027,1484,Low-Middle Income
357,CMR,2028,1502,Low-Middle Income
358,CMR,2029,1520,Low-Middle Income
359,CMR,2030,1537,Low-Middle Income
360,COD,2021,545,Low Income
361,COD,2022,563,Low Income
362,COD,2023,581,Low Income
363,COD,2024,600,Low Income
364,COD,2025,618,Low Income
365,COD,2026,637,Low Income
366,COD,2027,655,Low Income
367,COD,2028,673,Low Income
368,COD,2029,692,Low Income
369,COD,2030,710,Low Income
370,COG,2021,2425,Low-Middle Income
371,COG,2022,2481,Low-Middle Income
372,COG,2023,2537,Low-Middle Income
373,COG,2024,2593,Low-Middle Income
374,COG,2025,2650,Low-Middle Income
375,COG,2026,2706,Low-Middle Income
376,COG,2027,2762,Low-Middle Income
377,COG,2028,2819,Low-Middle Income
378,COG,2029,2875,Low-Middle Income
379,COG,2030,2931,Low-Middle Income
380,COL,2021,6974,Upper-Middle Income
381,COL,2022,7161,Upper-Middle Income
382,COL,2023,7347,Upper-Middle Income
383,COL,2024,7534,Upper-Middle Income
384,COL,2025,7720,Upper-Middle Income
385,COL,2026,7906,Upper-Middle Income
386,COL,2027,8093,Upper-Middle Income
387,COL,2028,8279,Upper-Middle Income
388,COL,2029,8466,Upper-Middle Income
389,COL,2030,8652,Upper-Middle Income
390,COM,2021,1399,Low-Middle Income
391,COM,2022,1417,Low-Middle Income
392,COM,2023,1436,Low-Middle Income
393,COM,2024,1454,Low-Middle Income
394,COM,2025,1472,Low-Middle Income
395,COM,2026,1490,Low-Middle Income
396,COM,2027,1509,Low-Middle Income
397,COM,2028,1527,Low-Middle Income
398,COM,2029,1545,Low-Middle Income
399,COM,2030,1563,Low-Middle Income
400,CPV,2021,3703,Low-Middle Income
401,CPV,2022,3795,Low-Middle Income
402,CPV,2023,3887,Low-Middle Income
403,CPV,2024,3979,Low-Middle Income
404,CPV,2025,4071,Low-Middle Income
405,CPV,2026,4163,Upper-Middle Income
406,CPV,2027,4254,Upper-Middle Income
407,CPV,2028,4346,Upper-Middle Income
408,CPV,2029,4438,Upper-Middle Income
409,CPV,2030,4530,Upper-Middle Income
410,CRI,2021,11557,Upper-Middle Income
411,CRI,2022,11887,Upper-Middle Income
412,CRI,2023,12218,Upper-Middle Income
413,CRI,2024,12549,Upper-Middle Income
414,CRI,2025,12880,High Income
415,CRI,2026,13211,High Income
416,CRI,2027,13542,High Income
417,CRI,2028,13873,High Income
418,CRI,2029,14204,High Income
419,CRI,2030,14535,High Income
420,CUB,2021,7219,Upper-Middle Income
421,CUB,2022,7390,Upper-Middle Income
422,CUB,2023,7561,Upper-Middle Income
423,CUB,2024,7731,Upper-Middle Income
424,CUB,2025,7902,Upper-Middle Income
425,CUB,2026,8073,Upper-Middle Income
426,CUB,2027,8243,Upper-Middle Income
427,CUB,2028,8414,Upper-Middle Income
428,CUB,2029,8585,Upper-Middle Income
429,CUB,2030,8756,Upper-Middle Income
430,CUW,2021,20658,High Income
431,CUW,2022,20908,High Income
432,CUW,2023,21158,High Income
433,CUW,2024,21408,High Income
434,CUW,2025,21658,High Income
435,CUW,2026,21908,High Income
436,CUW,2027,22158,High Income
437,CUW,2028,22408,High Income
438,CUW,2029,22658,High Income
439,CUW,2030,22908,High Income
440,CYM,2021,54188,High Income
441,CYM,2022,54310,High Income
442,CYM,2023,54433,High Income
443,CYM,2024,54556,High Income
444,CYM,2025,54679,High Income
445,CYM,2026,54802,High Income
446,CYM,2027,54924,High Income
447,CYM,2028,55047,High Income
448,CYM,2029,55170,High Income
449,CYM,2030,55293,High Income
450,CYP,2021,31957,High Income
451,CYP,2022,32677,High Income
452,CYP,2023,33397,High Income
453,CYP,2024,34117,High Income
454,CYP,2025,34836,High Income
455,CYP,2026,35556,High Income
456,CYP,2027,36276,High Income
457,CYP,2028,36996,High Income
458,CYP,2029,37715,High Income
459,CYP,2030,38435,High Income
460,CZE,2021,24246,High Income
461,CZE,2022,25021,High Income
462,CZE,2023,25796,High Income
463,CZE,2024,26570,High Income
464,CZE,2025,27345,High Income
465,CZE,2026,28120,High Income
466,CZE,2027,28895,High Income
467,CZE,2028,29669,High Income
468,CZE,2029,30444,High Income
469,CZE,2030,31219,High Income
470,DEU,2021,53643,High Income
471,DEU,2022,55046,High Income
472,DEU,2023,56449,High Income
473,DEU,2024,57852,High Income
474,DEU,2025,59256,High Income
475,DEU,2026,60659,High Income
476,DEU,2027,62062,High Income
477,DEU,2028,63465,High Income
478,DEU,2029,64868,High Income
479,DEU,2030,66272,High Income
480,DJI,2021,3480,Low-Middle Income
481,DJI,2022,3584,Low-Middle Income
482,DJI,2023,3688,Low-Middle Income
483,DJI,2024,3792,Low-Middle Income
484,DJI,2025,3896,Low-Middle Income
485,DJI,2026,4000,Low-Middle Income
486,DJI,2027,4104,Upper-Middle Income
487,DJI,2028,4208,Upper-Middle Income
488,DJI,2029,4312,Upper-Middle Income
489,DJI,2030,4416,Upper-Middle Income
490,DMA,2021,7942,Upper-Middle Income
491,DMA,2022,8108,Upper-Middle Income
492,DMA,2023,8273,Upper-Middle Income
493,DMA,2024,8438,Upper-Middle Income
494,DMA,2025,8604,Upper-Middle Income
495,DMA,2026,8769,Upper-Middle Income
496,DMA,2027,8934,Upper-Middle Income
497,DMA,2028,9100,Upper-Middle Income
498,DMA,2029,9265,Upper-Middle Income
499,DMA,2030,9430,Upper-Middle Income
500,DNK,2021,68204,High Income
501,DNK,2022,69625,High Income
502,DNK,2023,71046,High Income
503,DNK,2024,72467,High Income
504,DNK,2025,73889,High Income
505,DNK,2026,75310,High Income
506,DNK,2027,76731,High Income
507,DNK,2028,78152,High Income
508,DNK,2029,79574,High Income
509,DNK,2030,80995,High Income
510,DOM,2021,7546,Upper-Middle Income
511,DOM,2022,7763,Upper-Middle Income
512,DOM,2023,7979,Upper-Middle Income
513,DOM,2024,8196,Upper-Middle Income
514,DOM,2025,8413,Upper-Middle Income
515,DOM,2026,8630,Upper-Middle Income
516,DOM,2027,8847,Upper-Middle Income
517,DOM,2028,9064,Upper-Middle Income
518,DOM,2029,9280,Upper-Middle Income
519,DOM,2030,9497,Upper-Middle Income
520,DZA,2021,4396,Upper-Middle Income
521,DZA,2022,4479,Upper-Middle Income
522,DZA,2023,4562,Upper-Middle Income
523,DZA,2024,4645,Upper-Middle Income
524,DZA,2025,4728,Upper-Middle Income
525,DZA,2026,4811,Upper-Middle Income
526,DZA,2027,4894,Upper-Middle Income
527,DZA,2028,4977,Upper-Middle Income
528,DZA,2029,5060,Upper-Middle Income
529,DZA,2030,5143,Upper-Middle Income
530,ECU,2021,6010,Upper-Middle Income
531,ECU,2022,6167,Upper-Middle Income
532,ECU,2023,6324,Upper-Middle Income
533,ECU,2024,6481,Upper-Middle Income
534,ECU,2025,6638,Upper-Middle Income
535,ECU,2026,6795,Upper-Middle Income
536,ECU,2027,6953,Upper-Middle Income
537,ECU,2028,7110,Upper-Middle Income
538,ECU,2029,7267,Upper-Middle Income
539,ECU,2030,7424,Upper-Middle Income
540,EGY,2021,3192,Low-Middle Income
541,EGY,2022,3274,Low-Middle Income
542,EGY,2023,3357,Low-Middle Income
543,EGY,2024,3440,Low-Middle Income
544,EGY,2025,3523,Low-Middle Income
545,EGY,2026,3605,Low-Middle Income
546,EGY,2027,3688,Low-Middle Income
547,EGY,2028,3771,Low-Middle Income
548,EGY,2029,3854,Low-Middle Income
549,EGY,2030,3936,Low-Middle Income
550,ERI,2021,681,Low Income
551,ERI,2022,699,Low Income
552,ERI,2023,716,Low Income
553,ERI,2024,734,Low Income
554,ERI,2025,751,Low Income
555,ERI,2026,769,Low Income
556,ERI,2027,786,Low Income
557,ERI,2028,804,Low Income
558,ERI,2029,821,Low Income
559,ERI,2030,839,Low Income
560,ESP,2021,38452,High Income
561,ESP,2022,39719,High Income
562,ESP,2023,40985,High Income
563,ESP,2024,42252,High Income
564,ESP,2025,43518,High Income
565,ESP,2026,44785,High Income
566,ESP,2027,46051,High Income
567,ESP,2028,47317,High Income
568,ESP,2029,48584,High Income
569,ESP,2030,49850,High Income
570,EST,2021,29907,High Income
571,EST,2022,32280,High Income
572,EST,2023,34654,High Income
573,EST,2024,37027,High Income
574,EST,2025,39400,High Income
575,EST,2026,41774,High Income
576,EST,2027,44147,High Income
577,EST,2028,46520,High Income
578,EST,2029,48894,High Income
579,EST,2030,51267,High Income
580,ETH,2021,633,Low Income
581,ETH,2022,649,Low Income
582,ETH,2023,666,Low Income
583,ETH,2024,682,Low Income
584,ETH,2025,699,Low Income
585,ETH,2026,715,Low Income
586,ETH,2027,731,Low Income
587,ETH,2028,748,Low Income
588,ETH,2029,764,Low Income
589,ETH,2030,781,Low Income
590,FIN,2021,59157,High Income
591,FIN,2022,60988,High Income
592,FIN,2023,62819,High Income
593,FIN,2024,64650,High Income
594,FIN,2025,66480,High Income
595,FIN,2026,68311,High Income
596,FIN,2027,70142,High Income
597,FIN,2028,71973,High Income
598,FIN,2029,73804,High Income
599,FIN,2030,75635,High Income
600,FJI,2021,5388,Upper-Middle Income
601,FJI,2022,5508,Upper-Middle Income
602,FJI,2023,5628,Upper-Middle Income
603,FJI,2024,5748,Upper-Middle Income
604,FJI,2025,5868,Upper-Middle Income
605,FJI,2026,5988,Upper-Middle Income
606,FJI,2027,6108,Upper-Middle Income
607,FJI,2028,6228,Upper-Middle Income
608,FJI,2029,6348,Upper-Middle Income
609,FJI,2030,6468,Upper-Middle Income
610,FRA,2021,53672,High Income
611,FRA,2022,55330,High Income
612,FRA,2023,56988,High Income
613,FRA,2024,58646,High Income
614,FRA,2025,60305,High Income
615,FRA,2026,61963,High Income
616,FRA,2027,63621,High Income
617,FRA,2028,65279,High Income
618,FRA,2029,66937,High Income
619,FRA,2030,68596,High Income
620,FSM,2021,3756,Low-Middle Income
621,FSM,2022,3827,Low-Middle Income
622,FSM,2023,3897,Low-Middle Income
623,FSM,2024,3968,Low-Middle Income
624,FSM,2025,4039,Low-Middle Income
625,FSM,2026,4110,Upper-Middle Income
626,FSM,2027,4181,Upper-Middle Income
627,FSM,2028,4252,Upper-Middle Income
628,FSM,2029,4323,Upper-Middle Income
629,FSM,2030,4394,Upper-Middle Income
630,GAB,2021,7675,Upper-Middle Income
631,GAB,2022,7795,Upper-Middle Income
632,GAB,2023,7916,Upper-Middle Income
633,GAB,2024,8037,Upper-Middle Income
634,GAB,2025,8157,Upper-Middle Income
635,GAB,2026,8278,Upper-Middle Income
636,GAB,2027,8398,Upper-Middle Income
637,GAB,2028,8519,Upper-Middle Income
638,GAB,2029,8639,Upper-Middle Income
639,GAB,2030,8760,Upper-Middle Income
640,GBR,2021,51081,High Income
641,GBR,2022,52113,High Income
642,GBR,2023,53146,High Income
643,GBR,2024,54178,High Income
644,GBR,2025,55210,High Income
645,GBR,2026,56242,High Income
646,GBR,2027,57275,High Income
647,GBR,2028,58307,High Income
648,GBR,2029,59339,High Income
649,GBR,2030,60372,High Income
650,GEO,2021,4790,Upper-Middle Income
651,GEO,2022,4953,Upper-Middle Income
652,GEO,2023,5116,Upper-Middle Income
653,GEO,2024,5278,Upper-Middle Income
654,GEO,2025,5441,Upper-Middle Income
655,GEO,2026,5604,Upper-Middle Income
656,GEO,2027,5766,Upper-Middle Income
657,GEO,2028,5929,Upper-Middle Income
658,GEO,2029,6092,Upper-Middle Income
659,GEO,2030,6254,Upper-Middle Income
660,GHA,2021,1899,Low-Middle Income
661,GHA,2022,1955,Low-Middle Income
662,GHA,2023,2011,Low-Middle Income
663,GHA,2024,2067,Low-Middle Income
664,GHA,2025,2123,Low-Middle Income
665,GHA,2026,2179,Low-Middle Income
666,GHA,2027,2235,Low-Middle Income
667,GHA,2028,2291,Low-Middle Income
668,GHA,2029,2348,Low-Middle Income
669,GHA,2030,2404,Low-Middle Income
670,GIN,2021,834,Low Income
671,GIN,2022,850,Low Income
672,GIN,2023,865,Low Income
673,GIN,2024,880,Low Income
674,GIN,2025,895,Low Income
675,GIN,2026,911,Low Income
676,GIN,2027,926,Low Income
677,GIN,2028,941,Low Income
678,GIN,2029,956,Low Income
679,GIN,2030,972,Low Income
680,GMB,2021,790,Low Income
681,GMB,2022,801,Low Income
682,GMB,2023,811,Low Income
683,GMB,2024,822,Low Income
684,GMB,2025,832,Low Income
685,GMB,2026,843,Low Income
686,GMB,2027,853,Low Income
687,GMB,2028,864,Low Income
688,GMB,2029,875,Low Income
689,GMB,2030,885,Low Income
690,GNB,2021,737,Low Income
691,GNB,2022,755,Low Income
692,GNB,2023,774,Low Income
693,GNB,2024,792,Low Income
694,GNB,2025,811,Low Income
695,GNB,2026,830,Low Income
696,GNB,2027,848,Low Income
697,GNB,2028,867,Low Income
698,GNB,2029,885,Low Income
699,GNB,2030,904,Low Income
700,GNQ,2021,10509,Upper-Middle Income
701,GNQ,2022,10855,Upper-Middle Income
702,GNQ,2023,11202,Upper-Middle Income
703,GNQ,2024,11549,Upper-Middle Income
704,GNQ,2025,11895,Upper-Middle Income
705,GNQ,2026,12242,Upper-Middle Income
706,GNQ,2027,12588,Upper-Middle Income
707,GNQ,2028,12935,High Income
708,GNQ,2029,13282,High Income
709,GNQ,2030,13628,High Income
710,GRC,2021,16120,High Income
711,GRC,2022,15226,High Income
712,GRC,2023,14332,High Income
713,GRC,2024,13438,High Income
714,GRC,2025,12544,Upper-Middle Income
715,GRC,2026,11650,Upper-Middle Income
716,GRC,2027,10756,Upper-Middle Income
717,GRC,2028,9862,Upper-Middle Income
718,GRC,2029,8968,Upper-Middle Income
719,GRC,2030,8074,Upper-Middle Income
720,GRD,2021,9359,Upper-Middle Income
721,GRD,2022,9576,Upper-Middle Income
722,GRD,2023,9794,Upper-Middle Income
723,GRD,2024,10012,Upper-Middle Income
724,GRD,2025,10230,Upper-Middle Income
725,GRD,2026,10448,Upper-Middle Income
726,GRD,2027,10666,Upper-Middle Income
727,GRD,2028,10884,Upper-Middle Income
728,GRD,2029,11101,Upper-Middle Income
729,GRD,2030,11319,Upper-Middle Income
730,GRL,2021,41088,High Income
731,GRL,2022,41941,High Income
732,GRL,2023,42794,High Income
733,GRL,2024,43647,High Income
734,GRL,2025,44500,High Income
735,GRL,2026,45353,High Income
736,GRL,2027,46206,High Income
737,GRL,2028,47059,High Income
738,GRL,2029,47912,High Income
739,GRL,2030,48765,High Income
740,GTM,2021,4190,Upper-Middle Income
741,GTM,2022,4299,Upper-Middle Income
742,GTM,2023,4408,Upper-Middle Income
743,GTM,2024,4518,Upper-Middle Income
744,GTM,2025,4627,Upper-Middle Income
745,GTM,2026,4736,Upper-Middle Income
746,GTM,2027,4845,Upper-Middle Income
747,GTM,2028,4954,Upper-Middle Income
748,GTM,2029,5064,Upper-Middle Income
749,GTM,2030,5173,Upper-Middle Income
750,GUY,2021,6162,Upper-Middle Income
751,GUY,2022,6367,Upper-Middle Income
752,GUY,2023,6572,Upper-Middle Income
753,GUY,2024,6777,Upper-Middle Income
754,GUY,2025,6982,Upper-Middle Income
755,GUY,2026,7187,Upper-Middle Income
756,GUY,2027,7393,Upper-Middle Income
757,GUY,2028,7598,Upper-Middle Income
758,GUY,2029,7803,Upper-Middle Income
759,GUY,2030,8008,Upper-Middle Income
760,HKG,2021,48918,High Income
761,HKG,2022,50040,High Income
762,HKG,2023,51163,High Income
763,HKG,2024,52286,High Income
764,HKG,2025,53409,High Income
765,HKG,2026,54531,High Income
766,HKG,2027,55654,High Income
767,HKG,2028,56777,High Income
768,HKG,2029,57900,High Income
769,HKG,2030,59022,High Income
770,HND,2021,2146,Low-Middle Income
771,HND,2022,2185,Low-Middle Income
772,HND,2023,2224,Low-Middle Income
773,HND,2024,2263,Low-Middle Income
774,HND,2025,2302,Low-Middle Income
775,HND,2026,2341,Low-Middle Income
776,HND,2027,2381,Low-Middle Income
777,HND,2028,2420,Low-Middle Income
778,HND,2029,2459,Low-Middle Income
779,HND,2030,2498,Low-Middle Income
780,HRV,2021,16403,High Income
781,HRV,2022,16877,High Income
782,HRV,2023,17351,High Income
783,HRV,2024,17826,High Income
784,HRV,2025,18300,High Income
785,HRV,2026,18775,High Income
786,HRV,2027,19249,High Income
787,HRV,2028,19724,High Income
788,HRV,2029,20198,High Income
789,HRV,2030,20673,High Income
790,HTI,2021,1433,Low-Middle Income
791,HTI,2022,1470,Low-Middle Income
792,HTI,2023,1507,Low-Middle Income
793,HTI,2024,1544,Low-Middle Income
794,HTI,2025,1581,Low-Middle Income
795,HTI,2026,1618,Low-Middle Income
796,HTI,2027,1655,Low-Middle Income
797,HTI,2028,1692,Low-Middle Income
798,HTI,2029,1729,Low-Middle Income
799,HTI,2030,1766,Low-Middle Income
800,HUN,2021,17207,High Income
801,HUN,2022,17720,High Income
802,HUN,2023,18234,High Income
803,HUN,2024,18748,High Income
804,HUN,2025,19262,High Income
805,HUN,2026,19776,High Income
806,HUN,2027,20289,High Income
807,HUN,2028,20803,High Income
808,HUN,2029,21317,High Income
809,HUN,2030,21831,High Income
810,IDN,2021,3696,Low-Middle Income
811,IDN,2022,3806,Low-Middle Income
812,IDN,2023,3916,Low-Middle Income
813,IDN,2024,4026,Low-Middle Income
814,IDN,2025,4137,Upper-Middle Income
815,IDN,2026,4247,Upper-Middle Income
816,IDN,2027,4357,Upper-Middle Income
817,IDN,2028,4467,Upper-Middle Income
818,IDN,2029,4578,Upper-Middle Income
819,IDN,2030,4688,Upper-Middle Income
820,IMN,2021,103184,High Income
821,IMN,2022,107121,High Income
822,IMN,2023,111058,High Income
823,IMN,2024,114995,High Income
824,IMN,2025,118932,High Income
825,IMN,2026,122869,High Income
826,IMN,2027,126806,High Income
827,IMN,2028,130743,High Income
828,IMN,2029,134680,High Income
829,IMN,2030,138617,High Income
830,IND,2021,1814,Low-Middle Income
831,IND,2022,1866,Low-Middle Income
832,IND,2023,1919,Low-Middle Income
833,IND,2024,1971,Low-Middle Income
834,IND,2025,2023,Low-Middle Income
835,IND,2026,2076,Low-Middle Income
836,IND,2027,2128,Low-Middle Income
837,IND,2028,2181,Low-Middle Income
838,IND,2029,2233,Low-Middle Income
839,IND,2030,2286,Low-Middle Income
840,IRL,2021,60441,High Income
841,IRL,2022,61909,High Income
842,IRL,2023,63377,High Income
843,IRL,2024,64844,High Income
844,IRL,2025,66312,High Income
845,IRL,2026,67780,High Income
846,IRL,2027,69248,High Income
847,IRL,2028,70715,High Income
848,IRL,2029,72183,High Income
849,IRL,2030,73651,High Income
850,IRN,2021,5911,Upper-Middle Income
851,IRN,2022,6038,Upper-Middle Income
852,IRN,2023,6165,Upper-Middle Income
853,IRN,2024,6292,Upper-Middle Income
854,IRN,2025,6419,Upper-Middle Income
855,IRN,2026,6546,Upper-Middle Income
856,IRN,2027,6674,Upper-Middle Income
857,IRN,2028,6801,Upper-Middle Income
858,IRN,2029,6928,Upper-Middle Income
859,IRN,2030,7055,Upper-Middle Income
860,IRQ,2021,4759,Upper-Middle Income
861,IRQ,2022,4863,Upper-Middle Income
862,IRQ,2023,4966,Upper-Middle Income
863,IRQ,2024,5069,Upper-Middle Income
864,IRQ,2025,5173,Upper-Middle Income
865,IRQ,2026,5276,Upper-Middle Income
866,IRQ,2027,5380,Upper-Middle Income
867,IRQ,2028,5483,Upper-Middle Income
868,IRQ,2029,5586,Upper-Middle Income
869,IRQ,2030,5690,Upper-Middle Income
870,ISL,2021,66534,High Income
871,ISL,2022,68219,High Income
872,ISL,2023,69905,High Income
873,ISL,2024,71590,High Income
874,ISL,2025,73275,High Income
875,ISL,2026,74960,High Income
876,ISL,2027,76645,High Income
877,ISL,2028,78330,High Income
878,ISL,2029,80015,High Income
879,ISL,2030,81700,High Income
880,ISR,2021,43194,High Income
881,ISR,2022,44407,High Income
882,ISR,2023,45619,High Income
883,ISR,2024,46832,High Income
884,ISR,2025,48044,High Income
885,ISR,2026,49257,High Income
886,ISR,2027,50470,High Income
887,ISR,2028,51682,High Income
888,ISR,2029,52895,High Income
889,ISR,2030,54107,High Income
890,ITA,2021,43540,High Income
891,ITA,2022,44962,High Income
892,ITA,2023,46383,High Income
893,ITA,2024,47805,High Income
894,ITA,2025,49227,High Income
895,ITA,2026,50648,High Income
896,ITA,2027,52070,High Income
897,ITA,2028,53492,High Income
898,ITA,2029,54913,High Income
899,ITA,2030,56335,High Income
900,JAM,2021,5499,Upper-Middle Income
901,JAM,2022,5619,Upper-Middle Income
902,JAM,2023,5740,Upper-Middle Income
903,JAM,2024,5860,Upper-Middle Income
904,JAM,2025,5981,Upper-Middle Income
905,JAM,2026,6102,Upper-Middle Income
906,JAM,2027,6222,Upper-Middle Income
907,JAM,2028,6343,Upper-Middle Income
908,JAM,2029,6464,Upper-Middle Income
909,JAM,2030,6584,Upper-Middle Income
910,JOR,2021,4258,Upper-Middle Income
911,JOR,2022,4356,Upper-Middle Income
912,JOR,2023,4454,Upper-Middle Income
913,JOR,2024,4552,Upper-Middle Income
914,JOR,2025,4649,Upper-Middle Income
915,JOR,2026,4747,Upper-Middle Income
916,JOR,2027,4845,Upper-Middle Income
917,JOR,2028,4943,Upper-Middle Income
918,JOR,2029,5041,Upper-Middle Income
919,JOR,2030,5139,Upper-Middle Income
920,JPN,2021,46634,High Income
921,JPN,2022,47196,High Income
922,JPN,2023,47758,High Income
923,JPN,2024,48320,High Income
924,JPN,2025,48882,High Income
925,JPN,2026,49444,High Income
926,JPN,2027,50007,High Income
927,JPN,2028,50569,High Income
928,JPN,2029,51131,High Income
929,JPN,2030,51693,High Income
930,KAZ,2021,11214,Upper-Middle Income
931,KAZ,2022,11627,Upper-Middle Income
932,KAZ,2023,12040,Upper-Middle Income
933,KAZ,2024,12453,Upper-Middle Income
934,KAZ,2025,12865,High Income
935,KAZ,2026,13278,High Income
936,KAZ,2027,13691,High Income
937,KAZ,2028,14104,High Income
938,KAZ,2029,14516,High Income
939,KAZ,2030,14929,High Income
940,KEN,2021,1441,Low-Middle Income
941,KEN,2022,1481,Low-Middle Income
942,KEN,2023,1521,Low-Middle Income
943,KEN,2024,1561,Low-Middle Income
944,KEN,2025,1601,Low-Middle Income
945,KEN,2026,1641,Low-Middle Income
946,KEN,2027,1681,Low-Middle Income
947,KEN,2028,1721,Low-Middle Income
948,KEN,2029,1761,Low-Middle Income
949,KEN,2030,1801,Low-Middle Income
950,KGZ,2021,1236,Low-Middle Income
951,KGZ,2022,1273,Low-Middle Income
952,KGZ,2023,1310,Low-Middle Income
953,KGZ,2024,1347,Low-Middle Income
954,KGZ,2025,1384,Low-Middle Income
955,KGZ,2026,1421,Low-Middle Income
956,KGZ,2027,1458,Low-Middle Income
957,KGZ,2028,1495,Low-Middle Income
958,KGZ,2029,1532,Low-Middle Income
959,KGZ,2030,1569,Low-Middle Income
960,KHM,2021,1391,Low-Middle Income
961,KHM,2022,1442,Low-Middle Income
962,KHM,2023,1492,Low-Middle Income
963,KHM,2024,1543,Low-Middle Income
964,KHM,2025,1593,Low-Middle Income
965,KHM,2026,1644,Low-Middle Income
966,KHM,2027,1694,Low-Middle Income
967,KHM,2028,1745,Low-Middle Income
968,KHM,2029,1795,Low-Middle Income
969,KHM,2030,1845,Low-Middle Income
970,KIR,2021,3187,Low-Middle Income
971,KIR,2022,3267,Low-Middle Income
972,KIR,2023,3348,Low-Middle Income
973,KIR,2024,3428,Low-Middle Income
974,KIR,2025,3509,Low-Middle Income
975,KIR,2026,3589,Low-Middle Income
976,KIR,2027,3670,Low-Middle Income
977,KIR,2028,3750,Low-Middle Income
978,KIR,2029,3831,Low-Middle Income
979,KIR,2030,3911,Low-Middle Income
980,KNA,2021,19071,High Income
981,KNA,2022,19530,High Income
982,KNA,2023,19988,High Income
983,KNA,2024,20447,High Income
984,KNA,2025,20906,High Income
985,KNA,2026,21365,High Income
986,KNA,2027,21824,High Income
987,KNA,2028,22282,High Income
988,KNA,2029,22741,High Income
989,KNA,2030,23200,High Income
990,KOR,2021,33251,High Income
991,KOR,2022,34140,High Income
992,KOR,2023,35029,High Income
993,KOR,2024,35918,High Income
994,KOR,2025,36806,High Income
995,KOR,2026,37695,High Income
996,KOR,2027,38584,High Income
997,KOR,2028,39473,High Income
998,KOR,2029,40361,High Income
999,KOR,2030,41250,High Income
1000,KWT,2021,50894,High Income
1001,KWT,2022,52155,High Income
1002,KWT,2023,53416,High Income
1003,KWT,2024,54677,High Income
1004,KWT,2025,55938,High Income
1005,KWT,2026,57199,High Income
1006,KWT,2027,58460,High Income
1007,KWT,2028,59721,High Income
1008,KWT,2029,60982,High Income
1009,KWT,2030,62243,High Income
1010,LAO,2021,2066,Low-Middle Income
1011,LAO,2022,2132,Low-Middle Income
1012,LAO,2023,2199,Low-Middle Income
1013,LAO,2024,2266,Low-Middle Income
1014,LAO,2025,2332,Low-Middle Income
1015,LAO,2026,2399,Low-Middle Income
1016,LAO,2027,2466,Low-Middle Income
1017,LAO,2028,2532,Low-Middle Income
1018,LAO,2029,2599,Low-Middle Income
1019,LAO,2030,2666,Low-Middle Income
1020,LBN,2021,8434,Upper-Middle Income
1021,LBN,2022,8642,Upper-Middle Income
1022,LBN,2023,8851,Upper-Middle Income
1023,LBN,2024,9060,Upper-Middle Income
1024,LBN,2025,9268,Upper-Middle Income
1025,LBN,2026,9477,Upper-Middle Income
1026,LBN,2027,9686,Upper-Middle Income
1027,LBN,2028,9894,Upper-Middle Income
1028,LBN,2029,10103,Upper-Middle Income
1029,LBN,2030,10312,Upper-Middle Income
1030,LBR,2021,700,Low Income
1031,LBR,2022,725,Low Income
1032,LBR,2023,749,Low Income
1033,LBR,2024,774,Low Income
1034,LBR,2025,798,Low Income
1035,LBR,2026,823,Low Income
1036,LBR,2027,848,Low Income
1037,LBR,2028,872,Low Income
1038,LBR,2029,897,Low Income
1039,LBR,2030,921,Low Income
1040,LBY,2021,5937,Upper-Middle Income
1041,LBY,2022,5766,Upper-Middle Income
1042,LBY,2023,5594,Upper-Middle Income
1043,LBY,2024,5423,Upper-Middle Income
1044,LBY,2025,5252,Upper-Middle Income
1045,LBY,2026,5080,Upper-Middle Income
1046,LBY,2027,4909,Upper-Middle Income
1047,LBY,2028,4738,Upper-Middle Income
1048,LBY,2029,4566,Upper-Middle Income
1049,LBY,2030,4395,Upper-Middle Income
1050,LCA,2021,10254,Upper-Middle Income
1051,LCA,2022,10472,Upper-Middle Income
1052,LCA,2023,10690,Upper-Middle Income
1053,LCA,2024,10908,Upper-Middle Income
1054,LCA,2025,11126,Upper-Middle Income
1055,LCA,2026,11344,Upper-Middle Income
1056,LCA,2027,11561,Upper-Middle Income
1057,LCA,2028,11779,Upper-Middle Income
1058,LCA,2029,11997,Upper-Middle Income
1059,LCA,2030,12215,Upper-Middle Income
1060,LIE,2021,154213,High Income
1061,LIE,2022,157709,High Income
1062,LIE,2023,161206,High Income
1063,LIE,2024,164703,High Income
1064,LIE,2025,168200,High Income
1065,LIE,2026,171696,High Income
1066,LIE,2027,175193,High Income
1067,LIE,2028,178690,High Income
1068,LIE,2029,182187,High Income
1069,LIE,2030,185683,High Income
1070,LKA,2021,3849,Low-Middle Income
1071,LKA,2022,3968,Low-Middle Income
1072,LKA,2023,4087,Low-Middle Income
1073,LKA,2024,4206,Upper-Middle Income
1074,LKA,2025,4325,Upper-Middle Income
1075,LKA,2026,4444,Upper-Middle Income
1076,LKA,2027,4563,Upper-Middle Income
1077,LKA,2028,4683,Upper-Middle Income
1078,LKA,2029,4802,Upper-Middle Income
1079,LKA,2030,4921,Upper-Middle Income
1080,LSO,2021,1395,Low-Middle Income
1081,LSO,2022,1423,Low-Middle Income
1082,LSO,2023,1451,Low-Middle Income
1083,LSO,2024,1479,Low-Middle Income
1084,LSO,2025,1507,Low-Middle Income
1085,LSO,2026,1535,Low-Middle Income
1086,LSO,2027,1563,Low-Middle Income
1087,LSO,2028,1591,Low-Middle Income
1088,LSO,2029,1619,Low-Middle Income
1089,LSO,2030,1647,Low-Middle Income
1090,LTU,2021,14579,High Income
1091,LTU,2022,15297,High Income
1092,LTU,2023,16015,High Income
1093,LTU,2024,16733,High Income
1094,LTU,2025,17451,High Income
1095,LTU,2026,18169,High Income
1096,LTU,2027,18887,High Income
1097,LTU,2028,19605,High Income
1098,LTU,2029,20323,High Income
1099,LTU,2030,21041,High Income
1100,LUX,2021,105845,High Income
1101,LUX,2022,109344,High Income
1102,LUX,2023,112843,High Income
1103,LUX,2024,116342,High Income
1104,LUX,2025,119841,High Income
1105,LUX,2026,123340,High Income
1106,LUX,2027,126839,High Income
1107,LUX,2028,130339,High Income
1108,LUX,2029,133838,High Income
1109,LUX,2030,137337,High Income
1110,LVA,2021,21720,High Income
1111,LVA,2022,22445,High Income
1112,LVA,2023,23171,High Income
1113,LVA,2024,23896,High Income
1114,LVA,2025,24622,High Income
1115,LVA,2026,25347,High Income
1116,LVA,2027,26073,High Income
1117,LVA,2028,26798,High Income
1118,LVA,2029,27523,High Income
1119,LVA,2030,28249,High Income
1120,MAC,2021,72450,High Income
1121,MAC,2022,74636,High Income
1122,MAC,2023,76823,High Income
1123,MAC,2024,79009,High Income
1124,MAC,2025,81196,High Income
1125,MAC,2026,83383,High Income
1126,MAC,2027,85569,High Income
1127,MAC,2028,87756,High Income
1128,MAC,2029,89942,High Income
1129,MAC,2030,92129,High Income
1130,MAR,2021,3283,Low-Middle Income
1131,MAR,2022,3355,Low-Middle Income
1132,MAR,2023,3427,Low-Middle Income
1133,MAR,2024,3499,Low-Middle Income
1134,MAR,2025,3572,Low-Middle Income
1135,MAR,2026,3644,Low-Middle Income
1136,MAR,2027,3716,Low-Middle Income
1137,MAR,2028,3788,Low-Middle Income
1138,MAR,2029,3860,Low-Middle Income
1139,MAR,2030,3932,Low-Middle Income
1140,MDA,2021,4578,Upper-Middle Income
1141,MDA,2022,4776,Upper-Middle Income
1142,MDA,2023,4974,Upper-Middle Income
1143,MDA,2024,5172,Upper-Middle Income
1144,MDA,2025,5370,Upper-Middle Income
1145,MDA,2026,5568,Upper-Middle Income
1146,MDA,2027,5766,Upper-Middle Income
1147,MDA,2028,5964,Upper-Middle Income
1148,MDA,2029,6161,Upper-Middle Income
1149,MDA,2030,6359,Upper-Middle Income
1150,MDG,2021,496,Low Income
1151,MDG,2022,503,Low Income
1152,MDG,2023,510,Low Income
1153,MDG,2024,517,Low Income
1154,MDG,2025,523,Low Income
1155,MDG,2026,530,Low Income
1156,MDG,2027,537,Low Income
1157,MDG,2028,544,Low Income
1158,MDG,2029,551,Low Income
1159,MDG,2030,557,Low Income
1160,MDV,2021,9566,Upper-Middle Income
1161,MDV,2022,9912,Upper-Middle Income
1162,MDV,2023,10258,Upper-Middle Income
1163,MDV,2024,10603,Upper-Middle Income
1164,MDV,2025,10949,Upper-Middle Income
1165,MDV,2026,11295,Upper-Middle Income
1166,MDV,2027,11641,Upper-Middle Income
1167,MDV,2028,11987,Upper-Middle Income
1168,MDV,2029,12333,Upper-Middle Income
1169,MDV,2030,12679,Upper-Middle Income
1170,MEX,2021,11054,Upper-Middle Income
1171,MEX,2022,11300,Upper-Middle Income
1172,MEX,2023,11547,Upper-Middle Income
1173,MEX,2024,11793,Upper-Middle Income
1174,MEX,2025,12039,Upper-Middle Income
1175,MEX,2026,12286,Upper-Middle Income
1176,MEX,2027,12532,Upper-Middle Income
1177,MEX,2028,12778,High Income
1178,MEX,2029,13025,High Income
1179,MEX,2030,13271,High Income
1180,MHL,2021,4676,Upper-Middle Income
1181,MHL,2022,4761,Upper-Middle Income
1182,MHL,2023,4846,Upper-Middle Income
1183,MHL,2024,4931,Upper-Middle Income
1184,MHL,2025,5016,Upper-Middle Income
1185,MHL,2026,5101,Upper-Middle Income
1186,MHL,2027,5186,Upper-Middle Income
1187,MHL,2028,5271,Upper-Middle Income
1188,MHL,2029,5356,Upper-Middle Income
1189,MHL,2030,5441,Upper-Middle Income
1190,MLI,2021,835,Low Income
1191,MLI,2022,854,Low Income
1192,MLI,2023,874,Low Income
1193,MLI,2024,893,Low Income
1194,MLI,2025,913,Low Income
1195,MLI,2026,933,Low Income
1196,MLI,2027,952,Low Income
1197,MLI,2028,972,Low Income
1198,MLI,2029,991,Low Income
1199,MLI,2030,1011,Low Income
1200,MLT,2021,27107,High Income
1201,MLT,2022,27776,High Income
1202,MLT,2023,28445,High Income
1203,MLT,2024,29113,High Income
1204,MLT,2025,29782,High Income
1205,MLT,2026,30450,High Income
1206,MLT,2027,31119,High Income
1207,MLT,2028,31788,High Income
1208,MLT,2029,32456,High Income
1209,MLT,2030,33125,High Income
1210,MMR,2021,1588,Low-Middle Income
1211,MMR,2022,1667,Low-Middle Income
1212,MMR,2023,1746,Low-Middle Income
1213,MMR,2024,1824,Low-Middle Income
1214,MMR,2025,1903,Low-Middle Income
1215,MMR,2026,1981,Low-Middle Income
1216,MMR,2027,2060,Low-Middle Income
1217,MMR,2028,2138,Low-Middle Income
1218,MMR,2029,2217,Low-Middle Income
1219,MMR,2030,2296,Low-Middle Income
1220,MNE,2021,9149,Upper-Middle Income
1221,MNE,2022,9441,Upper-Middle Income
1222,MNE,2023,9733,Upper-Middle Income
1223,MNE,2024,10025,Upper-Middle Income
1224,MNE,2025,10317,Upper-Middle Income
1225,MNE,2026,10609,Upper-Middle Income
1226,MNE,2027,10901,Upper-Middle Income
1227,MNE,2028,11193,Upper-Middle Income
1228,MNE,2029,11486,Upper-Middle Income
1229,MNE,2030,11778,Upper-Middle Income
1230,MNG,2021,3240,Low-Middle Income
1231,MNG,2022,3325,Low-Middle Income
1232,MNG,2023,3410,Low-Middle Income
1233,MNG,2024,3495,Low-Middle Income
1234,MNG,2025,3580,Low-Middle Income
1235,MNG,2026,3665,Low-Middle Income
1236,MNG,2027,3750,Low-Middle Income
1237,MNG,2028,3835,Low-Middle Income
1238,MNG,2029,3920,Low-Middle Income
1239,MNG,2030,4005,Low-Middle Income
1240,MOZ,2021,632,Low Income
1241,MOZ,2022,647,Low Income
1242,MOZ,2023,662,Low Income
1243,MOZ,2024,677,Low Income
1244,MOZ,2025,691,Low Income
1245,MOZ,2026,706,Low Income
1246,MOZ,2027,721,Low Income
1247,MOZ,2028,736,Low Income
1248,MOZ,2029,751,Low Income
1249,MOZ,2030,766,Low Income
1250,MRT,2021,1653,Low-Middle Income
1251,MRT,2022,1683,Low-Middle Income
1252,MRT,2023,1714,Low-Middle Income
1253,MRT,2024,1745,Low-Middle Income
1254,MRT,2025,1776,Low-Middle Income
1255,MRT,2026,1807,Low-Middle Income
1256,MRT,2027,1837,Low-Middle Income
1257,MRT,2028,1868,Low-Middle Income
1258,MRT,2029,1899,Low-Middle Income
1259,MRT,2030,1930,Low-Middle Income
1260,MUS,2021,11530,Upper-Middle Income
1261,MUS,2022,11841,Upper-Middle Income
1262,MUS,2023,12151,Upper-Middle Income
1263,MUS,2024,12461,Upper-Middle Income
1264,MUS,2025,12771,High Income
1265,MUS,2026,13082,High Income
1266,MUS,2027,13392,High Income
1267,MUS,2028,13702,High Income
1268,MUS,2029,14012,High Income
1269,MUS,2030,14322,High Income
1270,MWI,2021,466,Low Income
1271,MWI,2022,476,Low Income
1272,MWI,2023,486,Low Income
1273,MWI,2024,497,Low Income
1274,MWI,2025,507,Low Income
1275,MWI,2026,517,Low Income
1276,MWI,2027,527,Low Income
1277,MWI,2028,537,Low Income
1278,MWI,2029,547,Low Income
1279,MWI,2030,558,Low Income
1280,MYS,2021,11079,Upper-Middle Income
1281,MYS,2022,11369,Upper-Middle Income
1282,MYS,2023,11660,Upper-Middle Income
1283,MYS,2024,11950,Upper-Middle Income
1284,MYS,2025,12240,Upper-Middle Income
1285,MYS,2026,12531,Upper-Middle Income
1286,MYS,2027,12821,High Income
1287,MYS,2028,13112,High Income
1288,MYS,2029,13402,High Income
1289,MYS,2030,13692,High Income
1290,NAM,2021,5337,Upper-Middle Income
1291,NAM,2022,5452,Upper-Middle Income
1292,NAM,2023,5566,Upper-Middle Income
1293,NAM,2024,5681,Upper-Middle Income
1294,NAM,2025,5795,Upper-Middle Income
1295,NAM,2026,5910,Upper-Middle Income
1296,NAM,2027,6024,Upper-Middle Income
1297,NAM,2028,6138,Upper-Middle Income
1298,NAM,2029,6253,Upper-Middle Income
1299,NAM,2030,6367,Upper-Middle Income
1300,NCL,2021,20892,High Income
1301,NCL,2022,21077,High Income
1302,NCL,2023,21262,High Income
1303,NCL,2024,21446,High Income
1304,NCL,2025,21631,High Income
1305,NCL,2026,21816,High Income
1306,NCL,2027,22001,High Income
1307,NCL,2028,22186,High Income
1308,NCL,2029,22370,High Income
1309,NCL,2030,22555,High Income
1310,NER,2021,536,Low Income
1311,NER,2022,544,Low Income
1312,NER,2023,553,Low Income
1313,NER,2024,561,Low Income
1314,NER,2025,570,Low Income
1315,NER,2026,578,Low Income
1316,NER,2027,587,Low Income
1317,NER,2028,595,Low Income
1318,NER,2029,604,Low Income
1319,NER,2030,612,Low Income
1320,NGA,2021,2439,Low-Middle Income
1321,NGA,2022,2507,Low-Middle Income
1322,NGA,2023,2576,Low-Middle Income
1323,NGA,2024,2644,Low-Middle Income
1324,NGA,2025,2713,Low-Middle Income
1325,NGA,2026,2781,Low-Middle Income
1326,NGA,2027,2849,Low-Middle Income
1327,NGA,2028,2918,Low-Middle Income
1328,NGA,2029,2986,Low-Middle Income
1329,NGA,2030,3055,Low-Middle Income
1330,NIC,2021,2073,Low-Middle Income
1331,NIC,2022,2127,Low-Middle Income
1332,NIC,2023,2180,Low-Middle Income
1333,NIC,2024,2233,Low-Middle Income
1334,NIC,2025,2286,Low-Middle Income
1335,NIC,2026,2339,Low-Middle Income
1336,NIC,2027,2392,Low-Middle Income
1337,NIC,2028,2445,Low-Middle Income
1338,NIC,2029,2498,Low-Middle Income
1339,NIC,2030,2552,Low-Middle Income
1340,NLD,2021,55869,High Income
1341,NLD,2022,56674,High Income
1342,NLD,2023,57478,High Income
1343,NLD,2024,58283,High Income
1344,NLD,2025,59087,High Income
1345,NLD,2026,59892,High Income
1346,NLD,2027,60696,High Income
1347,NLD,2028,61500,High Income
1348,NLD,2029,62305,High Income
1349,NLD,2030,63109,High Income
1350,NOR,2021,96883,High Income
1351,NOR,2022,99201,High Income
1352,NOR,2023,101519,High Income
1353,NOR,2024,103837,High Income
1354,NOR,2025,106155,High Income
1355,NOR,2026,108473,High Income
1356,NOR,2027,110790,High Income
1357,NOR,2028,113108,High Income
1358,NOR,2029,115426,High Income
1359,NOR,2030,117744,High Income
1360,NPL,2021,968,Low Income
1361,NPL,2022,997,Low Income
1362,NPL,2023,1025,Low Income
1363,NPL,2024,1053,Low-Middle Income
1364,NPL,2025,1082,Low-Middle Income
1365,NPL,2026,1110,Low-Middle Income
1366,NPL,2027,1139,Low-Middle Income
1367,NPL,2028,1167,Low-Middle Income
1368,NPL,2029,1195,Low-Middle Income
1369,NPL,2030,1224,Low-Middle Income
1370,NRU,2021,17778,High Income
1371,NRU,2022,18575,High Income
1372,NRU,2023,19372,High Income
1373,NRU,2024,20170,High Income
1374,NRU,2025,20967,High Income
1375,NRU,2026,21764,High Income
1376,NRU,2027,22561,High Income
1377,NRU,2028,23358,High Income
1378,NRU,2029,24156,High Income
1379,NRU,2030,24953,High Income
1380,NZL,2021,43203,High Income
1381,NZL,2022,44267,High Income
1382,NZL,2023,45330,High Income
1383,NZL,2024,46393,High Income
1384,NZL,2025,47457,High Income
1385,NZL,2026,48520,High Income
1386,NZL,2027,49584,High Income
1387,NZL,2028,50647,High Income
1388,NZL,2029,51711,High Income
1389,NZL,2030,52774,High Income
1390,OMN,2021,19259,High Income
1391,OMN,2022,19710,High Income
1392,OMN,2023,20162,High Income
1393,OMN,2024,20614,High Income
1394,OMN,2025,21065,High Income
1395,OMN,2026,21517,High Income
1396,OMN,2027,21969,High Income
1397,OMN,2028,22420,High Income
1398,OMN,2029,22872,High Income
1399,OMN,2030,23324,High Income
1400,PAK,2021,1378,Low-Middle Income
1401,PAK,2022,1412,Low-Middle Income
1402,PAK,2023,1447,Low-Middle Income
1403,PAK,2024,1481,Low-Middle Income
1404,PAK,2025,1515,Low-Middle Income
1405,PAK,2026,1549,Low-Middle Income
1406,PAK,2027,1584,Low-Middle Income
1407,PAK,2028,1618,Low-Middle Income
1408,PAK,2029,1652,Low-Middle Income
1409,PAK,2030,1686,Low-Middle Income
1410,PAN,2021,12547,Upper-Middle Income
1411,PAN,2022,12893,High Income
1412,PAN,2023,13238,High Income
1413,PAN,2024,13584,High Income
1414,PAN,2025,13929,High Income
1415,PAN,2026,14275,High Income
1416,PAN,2027,14620,High Income
1417,PAN,2028,14966,High Income
1418,PAN,2029,15311,High Income
1419,PAN,2030,15657,High Income
1420,PER,2021,6458,Upper-Middle Income
1421,PER,2022,6641,Upper-Middle Income
1422,PER,2023,6824,Upper-Middle Income
1423,PER,2024,7006,Upper-Middle Income
1424,PER,2025,7189,Upper-Middle Income
1425,PER,2026,7372,Upper-Middle Income
1426,PER,2027,7555,Upper-Middle Income
1427,PER,2028,7737,Upper-Middle Income
1428,PER,2029,7920,Upper-Middle Income
1429,PER,2030,8103,Upper-Middle Income
1430,PHL,2021,3539,Low-Middle Income
1431,PHL,2022,3636,Low-Middle Income
1432,PHL,2023,3734,Low-Middle Income
1433,PHL,2024,3832,Low-Middle Income
1434,PHL,2025,3929,Low-Middle Income
1435,PHL,2026,4027,Low-Middle Income
1436,PHL,2027,4125,Upper-Middle Income
1437,PHL,2028,4222,Upper-Middle Income
1438,PHL,2029,4320,Upper-Middle Income
1439,PHL,2030,4418,Upper-Middle Income
1440,PLW,2021,18465,High Income
1441,PLW,2022,19018,High Income
1442,PLW,2023,19571,High Income
1443,PLW,2024,20124,High Income
1444,PLW,2025,20677,High Income
1445,PLW,2026,21230,High Income
1446,PLW,2027,21783,High Income
1447,PLW,2028,22335,High Income
1448,PLW,2029,22888,High Income
1449,PLW,2030,23441,High Income
1450,PNG,2021,2495,Low-Middle Income
1451,PNG,2022,2559,Low-Middle Income
1452,PNG,2023,2624,Low-Middle Income
1453,PNG,2024,2688,Low-Middle Income
1454,PNG,2025,2752,Low-Middle Income
1455,PNG,2026,2817,Low-Middle Income
1456,PNG,2027,2881,Low-Middle Income
1457,PNG,2028,2946,Low-Middle Income
1458,PNG,2029,3010,Low-Middle Income
1459,PNG,2030,3074,Low-Middle Income
1460,POL,2021,16292,High Income
1461,POL,2022,16799,High Income
1462,POL,2023,17306,High Income
1463,POL,2024,17813,High Income
1464,POL,2025,18320,High Income
1465,POL,2026,18827,High Income
1466,POL,2027,19334,High Income
1467,POL,2028,19841,High Income
1468,POL,2029,20348,High Income
1469,POL,2030,20855,High Income
1470,PRI,2021,22555,High Income
1471,PRI,2022,23094,High Income
1472,PRI,2023,23633,High Income
1473,PRI,2024,24173,High Income
1474,PRI,2025,24712,High Income
1475,PRI,2026,25252,High Income
1476,PRI,2027,25791,High Income
1477,PRI,2028,26330,High Income
1478,PRI,2029,26870,High Income
1479,PRI,2030,27409,High Income
1480,PRT,2021,26991,High Income
1481,PRT,2022,27882,High Income
1482,PRT,2023,28773,High Income
1483,PRT,2024,29665,High Income
1484,PRT,2025,30556,High Income
1485,PRT,2026,31447,High Income
1486,PRT,2027,32339,High Income
1487,PRT,2028,33230,High Income
1488,PRT,2029,34121,High Income
1489,PRT,2030,35013,High Income
1490,PRY,2021,6290,Upper-Middle Income
1491,PRY,2022,6505,Upper-Middle Income
1492,PRY,2023,6720,Upper-Middle Income
1493,PRY,2024,6935,Upper-Middle Income
1494,PRY,2025,7151,Upper-Middle Income
1495,PRY,2026,7366,Upper-Middle Income
1496,PRY,2027,7581,Upper-Middle Income
1497,PRY,2028,7796,Upper-Middle Income
1498,PRY,2029,8011,Upper-Middle Income
1499,PRY,2030,8226,Upper-Middle Income
1500,PSE,2021,4238,Upper-Middle Income
1501,PSE,2022,4369,Upper-Middle Income
1502,PSE,2023,4499,Upper-Middle Income
1503,PSE,2024,4630,Upper-Middle Income
1504,PSE,2025,4761,Upper-Middle Income
1505,PSE,2026,4891,Upper-Middle Income
1506,PSE,2027,5022,Upper-Middle Income
1507,PSE,2028,5152,Upper-Middle Income
1508,PSE,2029,5283,Upper-Middle Income
1509,PSE,2030,5414,Upper-Middle Income
1510,PYF,2021,20398,High Income
1511,PYF,2022,20538,High Income
1512,PYF,2023,20678,High Income
1513,PYF,2024,20818,High Income
1514,PYF,2025,20958,High Income
1515,PYF,2026,21098,High Income
1516,PYF,2027,21238,High Income
1517,PYF,2028,21378,High Income
1518,PYF,2029,21518,High Income
1519,PYF,2030,21658,High Income
1520,QAT,2021,69849,High Income
1521,QAT,2022,70965,High Income
1522,QAT,2023,72082,High Income
1523,QAT,2024,73198,High Income
1524,QAT,2025,74315,High Income
1525,QAT,2026,75431,High Income
1526,QAT,2027,76548,High Income
1527,QAT,2028,77664,High Income
1528,QAT,2029,78781,High Income
1529,QAT,2030,79897,High Income
1530,ROU,2021,12459,Upper-Middle Income
1531,ROU,2022,12910,High Income
1532,ROU,2023,13360,High Income
1533,ROU,2024,13811,High Income
1534,ROU,2025,14262,High Income
1535,ROU,2026,14712,High Income
1536,ROU,2027,15163,High Income
1537,ROU,2028,15613,High Income
1538,ROU,2029,16064,High Income
1539,ROU,2030,16515,High Income
1540,RUS,2021,12880,High Income
1541,RUS,2022,13281,High Income
1542,RUS,2023,13682,High Income
1543,RUS,2024,14083,High Income
1544,RUS,2025,14484,High Income
1545,RUS,2026,14885,High Income
1546,RUS,2027,15286,High Income
1547,RUS,2028,15687,High Income
1548,RUS,2029,16088,High Income
1549,RUS,2030,16489,High Income
1550,RWA,2021,733,Low Income
1551,RWA,2022,750,Low Income
1552,RWA,2023,766,Low Income
1553,RWA,2024,782,Low Income
1554,RWA,2025,798,Low Income
1555,RWA,2026,815,Low Income
1556,RWA,2027,831,Low Income
1557,RWA,2028,847,Low Income
1558,RWA,2029,864,Low Income
1559,RWA,2030,880,Low Income
1560,SAU,2021,23261,High Income
1561,SAU,2022,23811,High Income
1562,SAU,2023,24360,High Income
1563,SAU,2024,24909,High Income
1564,SAU,2025,25458,High Income
1565,SAU,2026,26007,High Income
1566,SAU,2027,26556,High Income
1567,SAU,2028,27105,High Income
1568,SAU,2029,27654,High Income
1569,SAU,2030,28203,High Income
1570,SDN,2021,1251,Low-Middle Income
1571,SDN,2022,1278,Low-Middle Income
1572,SDN,2023,1305,Low-Middle Income
1573,SDN,2024,1332,Low-Middle Income
1574,SDN,2025,1359,Low-Middle Income
1575,SDN,2026,1386,Low-Middle Income
1576,SDN,2027,1413,Low-Middle Income
1577,SDN,2028,1439,Low-Middle Income
1578,SDN,2029,1466,Low-Middle Income
1579,SDN,2030,1493,Low-Middle Income
1580,SEN,2021,1350,Low-Middle Income
1581,SEN,2022,1369,Low-Middle Income
1582,SEN,2023,1387,Low-Middle Income
1583,SEN,2024,1406,Low-Middle Income
1584,SEN,2025,1424,Low-Middle Income
1585,SEN,2026,1443,Low-Middle Income
1586,SEN,2027,1461,Low-Middle Income
1587,SEN,2028,1480,Low-Middle Income
1588,SEN,2029,1498,Low-Middle Income
1589,SEN,2030,1517,Low-Middle Income
1590,SGP,2021,58831,High Income
1591,SGP,2022,60355,High Income
1592,SGP,2023,61879,High Income
1593,SGP,2024,63402,High Income
1594,SGP,2025,64926,High Income
1595,SGP,2026,66450,High Income
1596,SGP,2027,67974,High Income
1597,SGP,2028,69498,High Income
1598,SGP,2029,71022,High Income
1599,SGP,2030,72546,High Income
1600,SLB,2021,2206,Low-Middle Income
1601,SLB,2022,2256,Low-Middle Income
1602,SLB,2023,2307,Low-Middle Income
1603,SLB,2024,2358,Low-Middle Income
1604,SLB,2025,2409,Low-Middle Income
1605,SLB,2026,2460,Low-Middle Income
1606,SLB,2027,2510,Low-Middle Income
1607,SLB,2028,2561,Low-Middle Income
1608,SLB,2029,2612,Low-Middle Income
1609,SLB,2030,2663,Low-Middle Income
1610,SLE,2021,540,Low Income
1611,SLE,2022,553,Low Income
1612,SLE,2023,566,Low Income
1613,SLE,2024,579,Low Income
1614,SLE,2025,592,Low Income
1615,SLE,2026,605,Low Income
1616,SLE,2027,617,Low Income
1617,SLE,2028,630,Low Income
1618,SLE,2029,643,Low Income
1619,SLE,2030,656,Low Income
1620,SLV,2021,3972,Low-Middle Income
1621,SLV,2022,4070,Low-Middle Income
1622,SLV,2023,4167,Upper-Middle Income
1623,SLV,2024,4265,Upper-Middle Income
1624,SLV,2025,4362,Upper-Middle Income
1625,SLV,2026,4460,Upper-Middle Income
1626,SLV,2027,4557,Upper-Middle Income
1627,SLV,2028,4655,Upper-Middle Income
1628,SLV,2029,4752,Upper-Middle Income
1629,SLV,2030,4850,Upper-Middle Income
1630,SOM,2021,318,Low Income
1631,SOM,2022,323,Low Income
1632,SOM,2023,329,Low Income
1633,SOM,2024,334,Low Income
1634,SOM,2025,339,Low Income
1635,SOM,2026,345,Low Income
1636,SOM,2027,350,Low Income
1637,SOM,2028,356,Low Income
1638,SOM,2029,361,Low Income
1639,SOM,2030,366,Low Income
1640,SRB,2021,7710,Upper-Middle Income
1641,SRB,2022,7961,Upper-Middle Income
1642,SRB,2023,8212,Upper-Middle Income
1643,SRB,2024,8463,Upper-Middle Income
1644,SRB,2025,8714,Upper-Middle Income
1645,SRB,2026,8966,Upper-Middle Income
1646,SRB,2027,9217,Upper-Middle Income
1647,SRB,2028,9468,Upper-Middle Income
1648,SRB,2029,9719,Upper-Middle Income
1649,SRB,2030,9970,Upper-Middle Income
1650,SSD,2021,2329,Low-Middle Income
1651,SSD,2022,2480,Low-Middle Income
1652,SSD,2023,2630,Low-Middle Income
1653,SSD,2024,2781,Low-Middle Income
1654,SSD,2025,2932,Low-Middle Income
1655,SSD,2026,3082,Low-Middle Income
1656,SSD,2027,3233,Low-Middle Income
1657,SSD,2028,3384,Low-Middle Income
1658,SSD,2029,3535,Low-Middle Income
1659,SSD,2030,3685,Low-Middle Income
1660,SUR,2021,7529,Upper-Middle Income
1661,SUR,2022,7732,Upper-Middle Income
1662,SUR,2023,7935,Upper-Middle Income
1663,SUR,2024,8137,Upper-Middle Income
1664,SUR,2025,8340,Upper-Middle Income
1665,SUR,2026,8543,Upper-Middle Income
1666,SUR,2027,8746,Upper-Middle Income
1667,SUR,2028,8949,Upper-Middle Income
1668,SUR,2029,9151,Upper-Middle Income
1669,SUR,2030,9354,Upper-Middle Income
1670,SVK,2021,18224,High Income
1671,SVK,2022,18280,High Income
1672,SVK,2023,18336,High Income
1673,SVK,2024,18392,High Income
1674,SVK,2025,18448,High Income
1675,SVK,2026,18504,High Income
1676,SVK,2027,18560,High Income
1677,SVK,2028,18616,High Income
1678,SVK,2029,18672,High Income
1679,SVK,2030,18728,High Income
1680,SVN,2021,23122,High Income
1681,SVN,2022,23069,High Income
1682,SVN,2023,23016,High Income
1683,SVN,2024,22963,High Income
1684,SVN,2025,22910,High Income
1685,SVN,2026,22857,High Income
1686,SVN,2027,22804,High Income
1687,SVN,2028,22751,High Income
1688,SVN,2029,22698,High Income
1689,SVN,2030,22645,High Income
1690,SWE,2021,61273,High Income
1691,SWE,2022,62440,High Income
1692,SWE,2023,63606,High Income
1693,SWE,2024,64772,High Income
1694,SWE,2025,65938,High Income
1695,SWE,2026,67105,High Income
1696,SWE,2027,68271,High Income
1697,SWE,2028,69437,High Income
1698,SWE,2029,70603,High Income
1699,SWE,2030,71770,High Income
1700,SWZ,2021,4228,Upper-Middle Income
1701,SWZ,2022,4327,Upper-Middle Income
1702,SWZ,2023,4425,Upper-Middle Income
1703,SWZ,2024,4523,Upper-Middle Income
1704,SWZ,2025,4622,Upper-Middle Income
1705,SWZ,2026,4720,Upper-Middle Income
1706,SWZ,2027,4818,Upper-Middle Income
1707,SWZ,2028,4917,Upper-Middle Income
1708,SWZ,2029,5015,Upper-Middle Income
1709,SWZ,2030,5113,Upper-Middle Income
1710,SXM,2021,25341,High Income
1711,SXM,2022,24509,High Income
1712,SXM,2023,23677,High Income
1713,SXM,2024,22845,High Income
1714,SXM,2025,22013,High Income
1715,SXM,2026,21181,High Income
1716,SXM,2027,20349,High Income
1717,SXM,2028,19517,High Income
1718,SXM,2029,18685,High Income
1719,SXM,2030,17853,High Income
1720,SYC,2021,15033,High Income
1721,SYC,2022,15364,High Income
1722,SYC,2023,15695,High Income
1723,SYC,2024,16025,High Income
1724,SYC,2025,16356,High Income
1725,SYC,2026,16687,High Income
1726,SYC,2027,17017,High Income
1727,SYC,2028,17348,High Income
1728,SYC,2029,17679,High Income
1729,SYC,2030,18010,High Income
1730,SYR,2021,2052,Low-Middle Income
1731,SYR,2022,2093,Low-Middle Income
1732,SYR,2023,2134,Low-Middle Income
1733,SYR,2024,2175,Low-Middle Income
1734,SYR,2025,2216,Low-Middle Income
1735,SYR,2026,2257,Low-Middle Income
1736,SYR,2027,2298,Low-Middle Income
1737,SYR,2028,2339,Low-Middle Income
1738,SYR,2029,2380,Low-Middle Income
1739,SYR,2030,2421,Low-Middle Income
1740,TCA,2021,32454,High Income
1741,TCA,2022,33688,High Income
1742,TCA,2023,34922,High Income
1743,TCA,2024,36156,High Income
1744,TCA,2025,37390,High Income
1745,TCA,2026,38624,High Income
1746,TCA,2027,39858,High Income
1747,TCA,2028,41092,High Income
1748,TCA,2029,42326,High Income
1749,TCA,2030,43560,High Income
1750,TCD,2021,830,Low Income
1751,TCD,2022,850,Low Income
1752,TCD,2023,871,Low Income
1753,TCD,2024,892,Low Income
1754,TCD,2025,912,Low Income
1755,TCD,2026,933,Low Income
1756,TCD,2027,953,Low Income
1757,TCD,2028,974,Low Income
1758,TCD,2029,994,Low Income
1759,TCD,2030,1015,Low Income
1760,TGO,2021,731,Low Income
1761,TGO,2022,745,Low Income
1762,TGO,2023,759,Low Income
1763,TGO,2024,774,Low Income
1764,TGO,2025,788,Low Income
1765,TGO,2026,802,Low Income
1766,TGO,2027,816,Low Income
1767,TGO,2028,830,Low Income
1768,TGO,2029,844,Low Income
1769,TGO,2030,858,Low Income
1770,THA,2021,6417,Upper-Middle Income
1771,THA,2022,6585,Upper-Middle Income
1772,THA,2023,6753,Upper-Middle Income
1773,THA,2024,6921,Upper-Middle Income
1774,THA,2025,7089,Upper-Middle Income
1775,THA,2026,7257,Upper-Middle Income
1776,THA,2027,7425,Upper-Middle Income
1777,THA,2028,7593,Upper-Middle Income
1778,THA,2029,7761,Upper-Middle Income
1779,THA,2030,7929,Upper-Middle Income
1780,TJK,2021,1269,Low-Middle Income
1781,TJK,2022,1313,Low-Middle Income
1782,TJK,2023,1358,Low-Middle Income
1783,TJK,2024,1402,Low-Middle Income
1784,TJK,2025,1446,Low-Middle Income
1785,TJK,2026,1491,Low-Middle Income
1786,TJK,2027,1535,Low-Middle Income
1787,TJK,2028,1579,Low-Middle Income
1788,TJK,2029,1624,Low-Middle Income
1789,TJK,2030,1668,Low-Middle Income
1790,TKM,2021,7832,Upper-Middle Income
1791,TKM,2022,8144,Upper-Middle Income
1792,TKM,2023,8456,Upper-Middle Income
1793,TKM,2024,8768,Upper-Middle Income
1794,TKM,2025,9080,Upper-Middle Income
1795,TKM,2026,9392,Upper-Middle Income
1796,TKM,2027,9704,Upper-Middle Income
1797,TKM,2028,10016,Upper-Middle Income
1798,TKM,2029,10329,Upper-Middle Income
1799,TKM,2030,10641,Upper-Middle Income
1800,TLS,2021,2386,Low-Middle Income
1801,TLS,2022,2417,Low-Middle Income
1802,TLS,2023,2448,Low-Middle Income
1803,TLS,2024,2478,Low-Middle Income
1804,TLS,2025,2509,Low-Middle Income
1805,TLS,2026,2540,Low-Middle Income
1806,TLS,2027,2571,Low-Middle Income
1807,TLS,2028,2601,Low-Middle Income
1808,TLS,2029,2632,Low-Middle Income
1809,TLS,2030,2663,Low-Middle Income
1810,TON,2021,4984,Upper-Middle Income
1811,TON,2022,5108,Upper-Middle Income
1812,TON,2023,5232,Upper-Middle Income
1813,TON,2024,5356,Upper-Middle Income
1814,TON,2025,5481,Upper-Middle Income
1815,TON,2026,5605,Upper-Middle Income
1816,TON,2027,5729,Upper-Middle Income
1817,TON,2028,5853,Upper-Middle Income
1818,TON,2029,5978,Upper-Middle Income
1819,TON,2030,6102,Upper-Middle Income
1820,TTO,2021,19045,High Income
1821,TTO,2022,19559,High Income
1822,TTO,2023,20072,High Income
1823,TTO,2024,20586,High Income
1824,TTO,2025,21099,High Income
1825,TTO,2026,21613,High Income
1826,TTO,2027,22126,High Income
1827,TTO,2028,22640,High Income
1828,TTO,2029,23153,High Income
1829,TTO,2030,23667,High Income
1830,TUN,2021,4267,Upper-Middle Income
1831,TUN,2022,4356,Upper-Middle Income
1832,TUN,2023,4444,Upper-Middle Income
1833,TUN,2024,4533,Upper-Middle Income
1834,TUN,2025,4622,Upper-Middle Income
1835,TUN,2026,4710,Upper-Middle Income
1836,TUN,2027,4799,Upper-Middle Income
1837,TUN,2028,4888,Upper-Middle Income
1838,TUN,2029,4976,Upper-Middle Income
1839,TUN,2030,5065,Upper-Middle Income
1840,TUR,2021,12271,Upper-Middle Income
1841,TUR,2022,12607,Upper-Middle Income
1842,TUR,2023,12944,High Income
1843,TUR,2024,13281,High Income
1844,TUR,2025,13618,High Income
1845,TUR,2026,13954,High Income
1846,TUR,2027,14291,High Income
1847,TUR,2028,14628,High Income
1848,TUR,2029,14964,High Income
1849,TUR,2030,15301,High Income
1850,TUV,2021,6046,Upper-Middle Income
1851,TUV,2022,6198,Upper-Middle Income
1852,TUV,2023,6350,Upper-Middle Income
1853,TUV,2024,6502,Upper-Middle Income
1854,TUV,2025,6653,Upper-Middle Income
1855,TUV,2026,6805,Upper-Middle Income
1856,TUV,2027,6957,Upper-Middle Income
1857,TUV,2028,7109,Upper-Middle Income
1858,TUV,2029,7261,Upper-Middle Income
1859,TUV,2030,7412,Upper-Middle Income
1860,TZA,2021,1091,Low-Middle Income
1861,TZA,2022,1125,Low-Middle Income
1862,TZA,2023,1158,Low-Middle Income
1863,TZA,2024,1191,Low-Middle Income
1864,TZA,2025,1225,Low-Middle Income
1865,TZA,2026,1258,Low-Middle Income
1866,TZA,2027,1291,Low-Middle Income
1867,TZA,2028,1325,Low-Middle Income
1868,TZA,2029,1358,Low-Middle Income
1869,TZA,2030,1391,Low-Middle Income
1870,UGA,2021,779,Low Income
1871,UGA,2022,797,Low Income
1872,UGA,2023,815,Low Income
1873,UGA,2024,834,Low Income
1874,UGA,2025,852,Low Income
1875,UGA,2026,870,Low Income
1876,UGA,2027,889,Low Income
1877,UGA,2028,907,Low Income
1878,UGA,2029,925,Low Income
1879,UGA,2030,944,Low Income
1880,UKR,2021,3109,Low-Middle Income
1881,UKR,2022,3173,Low-Middle Income
1882,UKR,2023,3238,Low-Middle Income
1883,UKR,2024,3303,Low-Middle Income
1884,UKR,2025,3368,Low-Middle Income
1885,UKR,2026,3433,Low-Middle Income
1886,UKR,2027,3498,Low-Middle Income
1887,UKR,2028,3562,Low-Middle Income
1888,UKR,2029,3627,Low-Middle Income
1889,UKR,2030,3692,Low-Middle Income
1890,URY,2021,15908,High Income
1891,URY,2022,16341,High Income
1892,URY,2023,16774,High Income
1893,URY,2024,17207,High Income
1894,URY,2025,17640,High Income
1895,URY,2026,18073,High Income
1896,URY,2027,18507,High Income
1897,URY,2028,18940,High Income
1898,URY,2029,19373,High Income
1899,URY,2030,19806,High Income
1900,USA,2021,64897,High Income
1901,USA,2022,66231,High Income
1902,USA,2023,67565,High Income
1903,USA,2024,68899,High Income
1904,USA,2025,70234,High Income
1905,USA,2026,71568,High Income
1906,USA,2027,72902,High Income
1907,USA,2028,74237,High Income
1908,USA,2029,75571,High Income
1909,USA,2030,76905,High Income
1910,UZB,2021,2310,Low-Middle Income
1911,UZB,2022,2385,Low-Middle Income
1912,UZB,2023,2460,Low-Middle Income
1913,UZB,2024,2536,Low-Middle Income
1914,UZB,2025,2611,Low-Middle Income
1915,UZB,2026,2687,Low-Middle Income
1916,UZB,2027,2762,Low-Middle Income
1917,UZB,2028,2837,Low-Middle Income
1918,UZB,2029,2913,Low-Middle Income
1919,UZB,2030,2988,Low-Middle Income
1920,VCT,2021,7860,Upper-Middle Income
1921,VCT,2022,8047,Upper-Middle Income
1922,VCT,2023,8234,Upper-Middle Income
1923,VCT,2024,8420,Upper-Middle Income
1924,VCT,2025,8607,Upper-Middle Income
1925,VCT,2026,8794,Upper-Middle Income
1926,VCT,2027,8981,Upper-Middle Income
1927,VCT,2028,9168,Upper-Middle Income
1928,VCT,2029,9355,Upper-Middle Income
1929,VCT,2030,9542,Upper-Middle Income
1930,VEN,2021,13796,High Income
1931,VEN,2022,14191,High Income
1932,VEN,2023,14585,High Income
1933,VEN,2024,14980,High Income
1934,VEN,2025,15375,High Income
1935,VEN,2026,15769,High Income
1936,VEN,2027,16164,High Income
1937,VEN,2028,16558,High Income
1938,VEN,2029,16953,High Income
1939,VEN,2030,17348,High Income
1940,VNM,2021,2191,Low-Middle Income
1941,VNM,2022,2267,Low-Middle Income
1942,VNM,2023,2343,Low-Middle Income
1943,VNM,2024,2419,Low-Middle Income
1944,VNM,2025,2494,Low-Middle Income
1945,VNM,2026,2570,Low-Middle Income
1946,VNM,2027,2646,Low-Middle Income
1947,VNM,2028,2722,Low-Middle Income
1948,VNM,2029,2798,Low-Middle Income
1949,VNM,2030,2873,Low-Middle Income
1950,VUT,2021,3072,Low-Middle Income
1951,VUT,2022,3139,Low-Middle Income
1952,VUT,2023,3206,Low-Middle Income
1953,VUT,2024,3274,Low-Middle Income
1954,VUT,2025,3341,Low-Middle Income
1955,VUT,2026,3409,Low-Middle Income
1956,VUT,2027,3476,Low-Middle Income
1957,VUT,2028,3544,Low-Middle Income
1958,VUT,2029,3611,Low-Middle Income
1959,VUT,2030,3678,Low-Middle Income
1960,WSM,2021,4511,Upper-Middle Income
1961,WSM,2022,4639,Upper-Middle Income
1962,WSM,2023,4768,Upper-Middle Income
1963,WSM,2024,4897,Upper-Middle Income
1964,WSM,2025,5025,Upper-Middle Income
1965,WSM,2026,5154,Upper-Middle Income
1966,WSM,2027,5283,Upper-Middle Income
1967,WSM,2028,5411,Upper-Middle Income
1968,WSM,2029,5540,Upper-Middle Income
1969,WSM,2030,5669,Upper-Middle Income
1970,XKX,2021,4733,Upper-Middle Income
1971,XKX,2022,4863,Upper-Middle Income
1972,XKX,2023,4994,Upper-Middle Income
1973,XKX,2024,5124,Upper-Middle Income
1974,XKX,2025,5254,Upper-Middle Income
1975,XKX,2026,5385,Upper-Middle Income
1976,XKX,2027,5515,Upper-Middle Income
1977,XKX,2028,5646,Upper-Middle Income
1978,XKX,2029,5776,Upper-Middle Income
1979,XKX,2030,5907,Upper-Middle Income
1980,YEM,2021,1426,Low-Middle Income
1981,YEM,2022,1468,Low-Middle Income
1982,YEM,2023,1509,Low-Middle Income
1983,YEM,2024,1551,Low-Middle Income
1984,YEM,2025,1592,Low-Middle Income
1985,YEM,2026,1633,Low-Middle Income
1986,YEM,2027,1675,Low-Middle Income
1987,YEM,2028,1716,Low-Middle Income
1988,YEM,2029,1757,Low-Middle Income
1989,YEM,2030,1799,Low-Middle Income
1990,ZAF,2021,6473,Upper-Middle Income
1991,ZAF,2022,6592,Upper-Middle Income
1992,ZAF,2023,6712,Upper-Middle Income
1993,ZAF,2024,6831,Upper-Middle Income
1994,ZAF,2025,6951,Upper-Middle Income
1995,ZAF,2026,7070,Upper-Middle Income
1996,ZAF,2027,7189,Upper-Middle Income
1997,ZAF,2028,7309,Upper-Middle Income
1998,ZAF,2029,7428,Upper-Middle Income
1999,ZAF,2030,7548,Upper-Middle Income
2000,ZMB,2021,1504,Low-Middle Income
2001,ZMB,2022,1544,Low-Middle Income
2002,ZMB,2023,1585,Low-Middle Income
2003,ZMB,2024,1626,Low-Middle Income
2004,ZMB,2025,1667,Low-Middle Income
2005,ZMB,2026,1708,Low-Middle Income
2006,ZMB,2027,1749,Low-Middle Income
2007,ZMB,2028,1790,Low-Middle Income
2008,ZMB,2029,1831,Low-Middle Income
2009,ZMB,2030,1872,Low-Middle Income
2010,ZWE,2021,1056,Low-Middle Income
2011,ZWE,2022,1071,Low-Middle Income
2012,ZWE,2023,1085,Low-Middle Income
2013,ZWE,2024,1100,Low-Middle Income
2014,ZWE,2025,1115,Low-Middle Income
2015,ZWE,2026,1129,Low-Middle Income
2016,ZWE,2027,1144,Low-Middle Income
2017,ZWE,2028,1159,Low-Middle Income
2018,ZWE,2029,1173,Low-Middle Income
2019,ZWE,2030,1188,Low-Middle Income
